{"dog": 0, "rooster": 1, "pig": 2, "cow": 3, "frog": 4, "cat": 5, "hen": 6, "insects": 7, "sheep": 8, "crow": 9, "rain": 10, "sea_waves": 11, "crackling_fire": 12, "crickets": 13, "chirping_birds": 14, "water_drops": 15, "wind": 16, "pouring_water": 17, "toilet_flush": 18, "thunderstorm": 19, "crying_baby": 20, "sneezing": 21, "clapping": 22, "breathing": 23, "coughing": 24, "footsteps": 25, "laughing": 26, "brushing_teeth": 27, "snoring": 28, "drinking_sipping": 29, "door_wood_knock": 30, "mouse_click": 31, "keyboard_typing": 32, "door_wood_creaks": 33, "can_opening": 34, "washing_machine": 35, "vacuum_cleaner": 36, "clock_alarm": 37, "clock_tick": 38, "glass_breaking": 39, "helicopter": 40, "chainsaw": 41, "siren": 42, "car_horn": 43, "engine": 44, "train": 45, "church_bells": 46, "airplane": 47, "fireworks": 48, "hand_saw": 49}