{"Whispering": 0, "Gunshot, gunfire": 1, "Pour": 2, "Wind chime": 3, "Livestock, farm animals, working animals": 4, "Crackle": 5, "Waves, surf": 6, "Chicken, rooster": 7, "Chatter": 8, "Keyboard (musical)": 9, "Bark": 10, "Rail transport": 11, "Gong": 12, "Shatter": 13, "Ratchet, pawl": 14, "Clapping": 15, "Mallet percussion": 16, "Whoosh, swoosh, swish": 17, "Speech synthesizer": 18, "Respiratory sounds": 19, "Sliding door": 20, "Boat, Water vehicle": 21, "Boiling": 22, "Human voice": 23, "Drip": 24, "Thunderstorm": 25, "Male singing": 26, "Sneeze": 27, "Hi-hat": 28, "Guitar": 29, "Crying, sobbing": 30, "Speech": 31, "Slam": 32, "Crack": 33, "Yell": 34, "Drawer open or close": 35, "Run": 36, "Cheering": 37, "Splash, splatter": 38, "Tabla": 39, "Sigh": 40, "Packing tape, duct tape": 41, "Raindrop": 42, "Cymbal": 43, "Fill (with liquid)": 44, "Harp": 45, "Squeak": 46, "Zipper (clothing)": 47, "Tearing": 48, "Alarm": 49, "Skateboard": 50, "Wind instrument, woodwind instrument": 51, "Chink, clink": 52, "Wind": 53, "Ringtone": 54, "Microwave oven": 55, "Power tool": 56, "Dishes, pots, and pans": 57, "Musical instrument": 58, "Door": 59, "Domestic sounds, home sounds": 60, "Subway, metro, underground": 61, "Glockenspiel": 62, "Female speech, woman speaking": 63, "Coin (dropping)": 64, "Mechanical fan": 65, "Male speech, man speaking": 66, "Crowd": 67, "Screech": 68, "Animal": 69, "Human group actions": 70, "Telephone": 71, "Tools": 72, "Giggle": 73, "Crushing": 74, "Thump, thud": 75, "Hammer": 76, "Engine": 77, "Cupboard open or close": 78, "Glass": 79, "Writing": 80, "Clock": 81, "Plucked string instrument": 82, "Fowl": 83, "Water tap, faucet": 84, "Knock": 85, "Trickle, dribble": 86, "Rattle": 87, "Conversation": 88, "Accelerating, revving, vroom": 89, "Fixed-wing aircraft, airplane": 90, "Screaming": 91, "Walk, footsteps": 92, "Stream": 93, "Printer": 94, "Traffic noise, roadway noise": 95, "Motorcycle": 96, "Water": 97, "Scratching (performance technique)": 98, "Tap": 99, "Percussion": 100, "Chuckle, chortle": 101, "Motor vehicle (road)": 102, "Crow": 103, "Vehicle horn, car horn, honking": 104, "Bird vocalization, bird call, bird song": 105, "Drill": 106, "Race car, auto racing": 107, "Meow": 108, "Bass drum": 109, "Drum kit": 110, "Wild animals": 111, "Crash cymbal": 112, "Cough": 113, "Typing": 114, "Bowed string instrument": 115, "Computer keyboard": 116, "Vehicle": 117, "Train": 118, "Applause": 119, "Bicycle": 120, "Tick": 121, "Drum": 122, "Burping, eructation": 123, "Bicycle bell": 124, "Cowbell": 125, "Accordion": 126, "Toilet flush": 127, "Purr": 128, "Church bell": 129, "Cat": 130, "Insect": 131, "Engine starting": 132, "Chewing, mastication": 133, "Sink (filling or washing)": 134, "Dog": 135, "Bird": 136, "Finger snapping": 137, "Child speech, kid speaking": 138, "Wood": 139, "Music": 140, "Sawing": 141, "Bell": 142, "Fireworks": 143, "Crumpling, crinkling": 144, "Ocean": 145, "Gurgling": 146, "Fart": 147, "Mechanisms": 148, "Acoustic guitar": 149, "Singing": 150, "Boom": 151, "Bus": 152, "Cutlery, silverware": 153, "Liquid": 154, "Explosion": 155, "Gull, seagull": 156, "Thunder": 157, "Siren": 158, "Marimba, xylophone": 159, "Female singing": 160, "Tick-tock": 161, "Frog": 162, "Frying (food)": 163, "Buzz": 164, "Car passing by": 165, "Electric guitar": 166, "Gasp": 167, "Rattle (instrument)": 168, "Piano": 169, "Doorbell": 170, "Chime": 171, "Car": 172, "Fire": 173, "Trumpet": 174, "Truck": 175, "Hands": 176, "Domestic animals, pets": 177, "Chirp, tweet": 178, "Breathing": 179, "Cricket": 180, "Tambourine": 181, "Bass guitar": 182, "Idling": 183, "Scissors": 184, "Rain": 185, "Strum": 186, "Shout": 187, "Keys jangling": 188, "Camera": 189, "Hiss": 190, "Growling": 191, "Snare drum": 192, "Brass instrument": 193, "Bathtub (filling or washing)": 194, "Typewriter": 195, "Aircraft": 196, "Organ": 197, "Laughter": 198, "Harmonica": 199}