{"people crowd": 0, "playing mandolin": 1, "pumping water": 2, "horse neighing": 3, "airplane flyby": 4, "playing drum kit": 5, "pheasant crowing": 6, "duck quacking": 7, "wood thrush calling": 8, "dog bow-wow": 9, "arc welding": 10, "writing on blackboard with chalk": 11, "forging swords": 12, "swimming": 13, "bee, wasp, etc. buzzing": 14, "child singing": 15, "mouse clicking": 16, "playing trombone": 17, "telephone bell ringing": 18, "beat boxing": 19, "cattle mooing": 20, "lions roaring": 21, "ambulance siren": 22, "gibbon howling": 23, "people sniggering": 24, "playing clarinet": 25, "playing bassoon": 26, "playing bongo": 27, "playing electric guitar": 28, "playing badminton": 29, "bull bellowing": 30, "cat caterwauling": 31, "playing sitar": 32, "whale calling": 33, "snake hissing": 34, "people burping": 35, "francolin calling": 36, "fireworks banging": 37, "driving buses": 38, "people belly laughing": 39, "chicken clucking": 40, "playing double bass": 41, "canary calling": 42, "people battle cry": 43, "male singing": 44, "horse clip-clop": 45, "baby crying": 46, "cow lowing": 47, "reversing beeps": 48, "otter growling": 49, "cheetah chirrup": 50, "people running": 51, "ice cream truck, ice cream van": 52, "playing harpsichord": 53, "heart sounds, heartbeat": 54, "pig oinking": 55, "police radio chatter": 56, "cat hissing": 57, "wind chime": 58, "elk bugling": 59, "lions growling": 60, "fly, housefly buzzing": 61, "ferret dooking": 62, "railroad car, train wagon": 63, "church bell ringing": 64, "cat meowing": 65, "wind rustling leaves": 66, "bouncing on trampoline": 67, "mouse squeaking": 68, "sheep bleating": 69, "people eating crisps": 70, "people sneezing": 71, "playing squash": 72, "footsteps on snow": 73, "people humming": 74, "tap dancing": 75, "snake rattling": 76, "elephant trumpeting": 77, "people booing": 78, "disc scratching": 79, "skidding": 80, "cupboard opening or closing": 81, "playing bagpipes": 82, "basketball bounce": 83, "chinchilla barking": 84, "parrot talking": 85, "woodpecker pecking tree": 86, "fire truck siren": 87, "slot machine": 88, "playing french horn": 89, "air conditioning noise": 90, "people finger snapping": 91, "eagle screaming": 92, "playing harmonica": 93, "playing tympani": 94, "zebra braying": 95, "hedge trimmer running": 96, "playing acoustic guitar": 97, "hair dryer drying": 98, "orchestra": 99, "playing darts": 100, "children shouting": 101, "people slurping": 102, "alligators, crocodiles hissing": 103, "mouse pattering": 104, "people marching": 105, "vehicle horn, car horn, honking": 106, "sea lion barking": 107, "people clapping": 108, "hail": 109, "fire crackling": 110, "bathroom ventilation fan running": 111, "opening or closing car doors": 112, "skiing": 113, "dog barking": 114, "race car, auto racing": 115, "subway, metro, underground": 116, "underwater bubbling": 117, "car passing by": 118, "playing tennis": 119, "warbler chirping": 120, "helicopter": 121, "driving motorcycle": 122, "train wheels squealing": 123, "baby laughter": 124, "driving snowmobile": 125, "bird squawking": 126, "cuckoo bird calling": 127, "people whistling": 128, "shot football": 129, "playing tuning fork": 130, "dog howling": 131, "playing violin, fiddle": 132, "people eating": 133, "baltimore oriole calling": 134, "playing timbales": 135, "door slamming": 136, "people shuffling": 137, "typing on typewriter": 138, "magpie calling": 139, "playing harp": 140, "playing hammond organ": 141, "people eating apple": 142, "mosquito buzzing": 143, "playing oboe": 144, "playing volleyball": 145, "using sewing machines": 146, "electric grinder grinding": 147, "cutting hair with electric trimmers": 148, "splashing water": 149, "people sobbing": 150, "female singing": 151, "wind noise": 152, "car engine knocking": 153, "black capped chickadee calling": 154, "people screaming": 155, "cat growling": 156, "penguins braying": 157, "people coughing": 158, "metronome": 159, "train horning": 160, "goat bleating": 161, "playing tambourine": 162, "fox barking": 163, "airplane": 164, "firing cannon": 165, "thunder": 166, "smoke detector beeping": 167, "playing erhu": 168, "ice cracking": 169, "dog growling": 170, "playing saxophone": 171, "owl hooting": 172, "playing trumpet": 173, "sailing": 174, "waterfall burbling": 175, "machine gun shooting": 176, "baby babbling": 177, "playing synthesizer": 178, "donkey, ass braying": 179, "people cheering": 180, "playing shofar": 181, "playing hockey": 182, "playing banjo": 183, "cricket chirping": 184, "playing snare drum": 185, "ripping paper": 186, "child speech, kid speaking": 187, "crow cawing": 188, "sloshing water": 189, "playing zither": 190, "scuba diving": 191, "playing steelpan": 192, "goose honking": 193, "tapping guitar": 194, "spraying water": 195, "playing bass drum": 196, "printer printing": 197, "playing ukulele": 198, "ocean burbling": 199, "playing didgeridoo": 200, "sharpen knife": 201, "typing on computer keyboard": 202, "playing table tennis": 203, "rope skipping": 204, "playing marimba, xylophone": 205, "playing bugle": 206, "playing guiro": 207, "playing flute": 208, "tornado roaring": 209, "stream burbling": 210, "electric shaver, electric razor shaving": 211, "playing gong": 212, "eating with cutlery": 213, "playing piano": 214, "people giggling": 215, "chicken crowing": 216, "female speech, woman speaking": 217, "golf driving": 218, "frog croaking": 219, "people eating noodle": 220, "mynah bird singing": 221, "playing timpani": 222, "playing congas": 223, "dinosaurs bellowing": 224, "playing bass guitar": 225, "turkey gobbling": 226, "chipmunk chirping": 227, "chopping food": 228, "striking bowling": 229, "missile launch": 230, "squishing water": 231, "civil defense siren": 232, "blowtorch igniting": 233, "tractor digging": 234, "lighting firecrackers": 235, "playing theremin": 236, "train whistling": 237, "people nose blowing": 238, "car engine starting": 239, "lathe spinning": 240, "playing cello": 241, "motorboat, speedboat acceleration": 242, "playing vibraphone": 243, "playing washboard": 244, "playing cornet": 245, "pigeon, dove cooing": 246, "roller coaster running": 247, "opening or closing car electric windows": 248, "foghorn": 249, "coyote howling": 250, "hammering nails": 251, "toilet flushing": 252, "strike lighter": 253, "bird wings flapping": 254, "playing steel guitar, slide guitar": 255, "volcano explosion": 256, "people whispering": 257, "bowling impact": 258, "yodelling": 259, "firing muskets": 260, "raining": 261, "singing bowl": 262, "plastic bottle crushing": 263, "chimpanzee pant-hooting": 264, "playing electronic organ": 265, "chainsawing trees": 266, "dog baying": 267, "lawn mowing": 268, "people babbling": 269, "striking pool": 270, "eletric blender running": 271, "playing tabla": 272, "cap gun shooting": 273, "planing timber": 274, "air horn": 275, "sliding door": 276, "cell phone buzzing": 277, "sea waves": 278, "playing castanets": 279, "singing choir": 280, "people slapping": 281, "barn swallow calling": 282, "people hiccup": 283, "vacuum cleaner cleaning floors": 284, "playing lacrosse": 285, "bird chirping, tweeting": 286, "lip smacking": 287, "chopping wood": 288, "police car (siren)": 289, "running electric fan": 290, "cattle, bovinae cowbell": 291, "people gargling": 292, "opening or closing drawers": 293, "playing djembe": 294, "skateboarding": 295, "cat purring": 296, "rowboat, canoe, kayak rowing": 297, "engine accelerating, revving, vroom": 298, "playing glockenspiel": 299, "popping popcorn": 300, "car engine idling": 301, "alarm clock ringing": 302, "dog whimpering": 303, "playing accordion": 304, "playing cymbal": 305, "male speech, man speaking": 306, "rapping": 307, "people farting": 308}